<?xml version="1.0" encoding="UTF-8"?>
<metadata xml:lang="zh"><Esri><CreaDate>20201020</CreaDate><CreaTime>18595900</CreaTime><ArcGISFormat>1.0</ArcGISFormat><SyncOnce>TRUE</SyncOnce><DataProperties><itemProps><itemLocation><linkage Sync="TRUE">file://\\DESKTOP-97LG2NA\Users\77586\Desktop\BT4015\Chicago\airbnb\Chicago</linkage><protocol Sync="TRUE">Local Area Network</protocol></itemLocation></itemProps><copyHistory><copy source="C:\Users\77586\Desktop\BT4015\Chicago\Chicago" dest="\\DESKTOP-97LG2NA\Users\77586\Desktop\BT4015\Chicago\airbnb\Chicago" date="20201020" time="18595900"></copy></copyHistory></DataProperties></Esri></metadata>
